{
  "status": "training_oof_only",
  "held_out_test_evaluated": false,
  "label_values": {
    "Negative": 1,
    "Average": 2,
    "Positive": 3
  },
  "selection_gate": {
    "negative_precision_minimum": 0.6,
    "negative_recall_minimum": 0.5041666666666667,
    "macro_f1_maximum_drop": 0.01,
    "promotion_requires_lower_ordinal_mae": true,
    "promotion_requires_higher_quadratic_weighted_kappa": true,
    "promotion_requires_lower_severe_error_rate": true
  },
  "data": {
    "raw_sha256": "2788b987e2c9fa4fd6459a1798a6e7d1dd63ddb5618c10907712d39042cc4be2",
    "oof_training_rows": 3838,
    "reserved_held_out_rows": 960,
    "cv_folds": 5,
    "random_seed": 42
  },
  "selected_candidate": "baseline_argmax",
  "promotion_recommended": false,
  "candidates": {
    "baseline_argmax": {
      "kind": "multiclass_logistic_regression",
      "parameters": {},
      "metrics": {
        "accuracy": 0.6698801459093278,
        "balanced_accuracy": 0.6220114569822741,
        "macro_precision": 0.6892780310415777,
        "macro_recall": 0.6220114569822741,
        "macro_f1": 0.6484564362831063,
        "weighted_f1": 0.6691424620468925,
        "per_class": {
          "Positive": {
            "precision": 0.6761585706309324,
            "recall": 0.6731517509727627,
            "f1-score": 0.6746518105849583,
            "support": 1799.0
          },
          "Average": {
            "precision": 0.6583421891604676,
            "recall": 0.688715953307393,
            "f1-score": 0.6731866340668297,
            "support": 1799.0
          },
          "Negative": {
            "precision": 0.7333333333333333,
            "recall": 0.5041666666666667,
            "f1-score": 0.5975308641975309,
            "support": 240.0
          }
        },
        "confusion_matrix": [
          [
            1211,
            569,
            19
          ],
          [
            535,
            1239,
            25
          ],
          [
            45,
            74,
            121
          ]
        ],
        "label_order": [
          "Positive",
          "Average",
          "Negative"
        ],
        "ordinal_mae": 0.34679520583637313,
        "quadratic_weighted_kappa": 0.45438237885393873,
        "adjacent_error_rate": 0.31344450234497134,
        "severe_error_rate": 0.016675351745700884
      }
    },
    "cost_sensitive_severe_2": {
      "kind": "cost_sensitive_decision",
      "parameters": {
        "adjacent_cost": 1,
        "severe_cost": 2
      },
      "metrics": {
        "accuracy": 0.662324127149557,
        "balanced_accuracy": 0.5672904700142054,
        "macro_precision": 0.7430645847642011,
        "macro_recall": 0.5672904700142054,
        "macro_f1": 0.6054861500605121,
        "weighted_f1": 0.6550843110248675,
        "per_class": {
          "Positive": {
            "precision": 0.7410124724871606,
            "recall": 0.5614230127848805,
            "f1-score": 0.6388361796331435,
            "support": 1799.0
          },
          "Average": {
            "precision": 0.6090604026845637,
            "recall": 0.8071150639244025,
            "f1-score": 0.6942385847477887,
            "support": 1799.0
          },
          "Negative": {
            "precision": 0.8791208791208791,
            "recall": 0.3333333333333333,
            "f1-score": 0.48338368580060426,
            "support": 240.0
          }
        },
        "confusion_matrix": [
          [
            1010,
            783,
            6
          ],
          [
            342,
            1452,
            5
          ],
          [
            11,
            149,
            80
          ]
        ],
        "label_order": [
          "Positive",
          "Average",
          "Negative"
        ],
        "ordinal_mae": 0.34210526315789475,
        "quadratic_weighted_kappa": 0.45235538246774,
        "adjacent_error_rate": 0.33324648254299116,
        "severe_error_rate": 0.004429390307451798
      }
    },
    "cost_sensitive_severe_3": {
      "kind": "cost_sensitive_decision",
      "parameters": {
        "adjacent_cost": 1,
        "severe_cost": 3
      },
      "metrics": {
        "accuracy": 0.6354872329338197,
        "balanced_accuracy": 0.5120977703662528,
        "macro_precision": 0.7512786215273466,
        "macro_recall": 0.5120977703662528,
        "macro_f1": 0.5365585271928678,
        "weighted_f1": 0.6168139121909121,
        "per_class": {
          "Positive": {
            "precision": 0.7688073394495413,
            "recall": 0.46581434130072263,
            "f1-score": 0.5801315334025614,
            "support": 1799.0
          },
          "Average": {
            "precision": 0.5759376160415893,
            "recall": 0.8621456364647027,
            "f1-score": 0.6905609973285841,
            "support": 1799.0
          },
          "Negative": {
            "precision": 0.9090909090909091,
            "recall": 0.20833333333333334,
            "f1-score": 0.3389830508474576,
            "support": 240.0
          }
        },
        "confusion_matrix": [
          [
            838,
            958,
            3
          ],
          [
            246,
            1551,
            2
          ],
          [
            6,
            184,
            50
          ]
        ],
        "label_order": [
          "Positive",
          "Average",
          "Negative"
        ],
        "ordinal_mae": 0.36685773840541946,
        "quadratic_weighted_kappa": 0.39142107549130656,
        "adjacent_error_rate": 0.36216779572694113,
        "severe_error_rate": 0.002344971339239187
      }
    },
    "cost_sensitive_severe_4": {
      "kind": "cost_sensitive_decision",
      "parameters": {
        "adjacent_cost": 1,
        "severe_cost": 4
      },
      "metrics": {
        "accuracy": 0.6164669098488796,
        "balanced_accuracy": 0.4865357297263912,
        "macro_precision": 0.7582961811206697,
        "macro_recall": 0.4865357297263912,
        "macro_f1": 0.49727784224494814,
        "weighted_f1": 0.5848498137098803,
        "per_class": {
          "Positive": {
            "precision": 0.8094117647058824,
            "recall": 0.38243468593663144,
            "f1-score": 0.5194412986032465,
            "support": 1799.0
          },
          "Average": {
            "precision": 0.5563858695652174,
            "recall": 0.9105058365758755,
            "f1-score": 0.6907020872865275,
            "support": 1799.0
          },
          "Negative": {
            "precision": 0.9090909090909091,
            "recall": 0.16666666666666666,
            "f1-score": 0.28169014084507044,
            "support": 240.0
          }
        },
        "confusion_matrix": [
          [
            688,
            1109,
            2
          ],
          [
            159,
            1638,
            2
          ],
          [
            3,
            197,
            40
          ]
        ],
        "label_order": [
          "Positive",
          "Average",
          "Negative"
        ],
        "ordinal_mae": 0.38483585200625325,
        "quadratic_weighted_kappa": 0.34729279647418854,
        "adjacent_error_rate": 0.3822303282959875,
        "severe_error_rate": 0.0013027618551328818
      }
    },
    "ridge_unweighted_alpha_0.1": {
      "kind": "ordinal_ridge_regression",
      "parameters": {
        "label_values": {
          "Negative": 1,
          "Average": 2,
          "Positive": 3
        },
        "alpha": 0.1,
        "class_weighting": "unweighted",
        "lower_threshold": 1.8,
        "upper_threshold": 2.5
      },
      "metrics": {
        "accuracy": 0.6039603960396039,
        "balanced_accuracy": 0.5269895312210487,
        "macro_precision": 0.5705959282857107,
        "macro_recall": 0.5269895312210487,
        "macro_f1": 0.5411326481637189,
        "weighted_f1": 0.6008328691439884,