{
  "environment": {
    "operating_system": "macOS-26.0-x86_64-i386-64bit",
    "python_version": "3.11.7",
    "machine": "x86_64",
    "processor": "i386"
  },
  "configuration": {
    "iterations": 100,
    "warmup": 10,
    "sample_count": 3
  },
  "detector_initialization_ms": 0.3076299326494336,
  "cold_detector_first_inference_ms": 1397.7078709285706,
  "cold_model_load_ms": 599.288978963159,
  "cold_first_prediction_ms": 11.816568905487657,
  "model_artifact_bytes": 2922196,
  "model_sha256": "e1eac0ebd0b20133e5537b53c13673b57fca0a32936063739697dd04c96b22b0",
  "measurements": {
    "normalization_plus_model_prediction": {
      "iterations": 100,
      "mean_ms": 3.417359198210761,
      "p50_ms": 2.9090584721416235,
      "p95_ms": 5.1675812632311136,
      "max_ms": 5.44736604206264
    },
    "language_detection_plus_model": {
      "iterations": 100,
      "mean_ms": 4.381219078786671,
      "p50_ms": 3.8135164650157094,
      "p95_ms": 6.836905959062278,
      "max_ms": 7.53633095882833
    },
    "service_end_to_end": {
      "iterations": 100,
      "mean_ms": 8.09474824811332,
      "p50_ms": 6.778476992622018,
      "p95_ms": 12.257882265839726,
      "max_ms": 13.685508980415761
    },
    "explanation_enabled": {
      "iterations": 100,
      "mean_ms": 133.65247029229067,
      "p50_ms": 131.70676701702178,
      "p95_ms": 142.57487172726542,
      "max_ms": 147.22649799659848
    },
    "http_classify": {
      "iterations": 50,
      "mean_ms": 9.700734335929155,
      "p50_ms": 8.292267913930118,
      "p95_ms": 13.91323323477991,
      "max_ms": 14.038613066077232
    }
  }
}