{
  "environment": {
    "operating_system": "macOS-26.0-x86_64-i386-64bit",
    "python_version": "3.11.7",
    "machine": "x86_64",
    "processor": "i386"
  },
  "configuration": {
    "iterations": 100,
    "warmup": 10,
    "sample_count": 3
  },
  "detector_initialization_ms": 0.368613051250577,
  "cold_detector_first_inference_ms": 1610.0913219852373,
  "cold_model_load_ms": 630.5980730103329,
  "cold_first_prediction_ms": 12.54332100506872,
  "model_artifact_bytes": 2935649,
  "model_sha256": "32ec6bc66d70c26f50bc7b6f495d0852cdd1ee0fd68cbff97d823b34370bf836",
  "measurements": {
    "normalization_plus_model_prediction": {
      "iterations": 100,
      "mean_ms": 3.905632522655651,
      "p50_ms": 3.818776982370764,
      "p95_ms": 6.288238818524405,
      "max_ms": 6.568586104549468
    },
    "language_detection_plus_model": {
      "iterations": 100,
      "mean_ms": 5.142741212621331,
      "p50_ms": 4.83494799118489,
      "p95_ms": 8.173622767208144,
      "max_ms": 8.945338893681765
    },
    "service_end_to_end": {
      "iterations": 100,
      "mean_ms": 5.665765368612483,
      "p50_ms": 5.319693475030363,
      "p95_ms": 8.806811459362507,
      "max_ms": 9.71125706564635
    },
    "explanation_enabled": {
      "iterations": 100,
      "mean_ms": 6.499445571098477,
      "p50_ms": 5.950081977061927,
      "p95_ms": 9.477283275919035,
      "max_ms": 10.684486012905836
    },
    "http_classify": {
      "iterations": 50,
      "mean_ms": 8.04460022598505,
      "p50_ms": 7.571305497549474,
      "p95_ms": 11.146352032665163,
      "max_ms": 11.77825906779617
    }
  }
}