name,feature_kind,class_weight,mask_ratings,cv_accuracy_mean,cv_accuracy_std,cv_balanced_accuracy_mean,cv_balanced_accuracy_std,cv_macro_precision_mean,cv_macro_precision_std,cv_macro_recall_mean,cv_macro_recall_std,cv_macro_f1_mean,cv_macro_f1_std,cv_weighted_f1_mean,cv_weighted_f1_std,mlflow_run_id,artifact_size_bytes
combined_balanced_ratings,combined,balanced,False,0.6759420289855073,0.008627754241238966,0.6218399372659869,0.015416918728035828,0.712682412593064,0.02294942113945482,0.6218399372659869,0.015416918728035828,0.6544438030120668,0.01743081994680067,0.6752125965763672,0.008885101950340887,e56f8e17491d4d03a9c23de5af4bb04d,2922094
combined_balanced_masked_ratings,combined,balanced,True,0.6724637681159421,0.012125507630928655,0.6168996844431764,0.016430602742708723,0.7130287391289376,0.020799978724852616,0.6168996844431764,0.016430602742708723,0.6506882183795557,0.01732410044807734,0.6716798939584899,0.012331235145631605,8f959be63b8349239d7bc6310f93a03f,2923005
combined_logreg,combined,none,False,0.6556521739130435,0.009284415871331598,0.4887690556850884,0.010707301915422027,0.7686938094575524,0.006125929528984925,0.4887690556850884,0.010707301915422027,0.49463528106925275,0.015684452922608453,0.6386743347903698,0.009709058690651457,4ff9beefdca2430789312a3e07a08c2f,2922191
char_logreg,char,none,False,0.6469565217391304,0.004727393168202935,0.47389993439381095,0.00752516648380355,0.730225083695184,0.06948423178035688,0.47389993439381095,0.00752516648380355,0.4715910426237455,0.012928563432609268,0.6279734110194373,0.005209838759309939,1107076690534ac0a34a3655273221b0,1537807
word_logreg,word,none,False,0.6394202898550725,0.004619529695799789,0.4571686927799979,0.003232363099252341,0.49231302911113134,0.1316261786750742,0.4571686927799979,0.003232363099252341,0.44269131085188984,0.004869882324840411,0.6170305637173342,0.003874871176649068,5b7b91b1465a44de8c4174b228d227b0,1384823
dummy_prior,word,none,False,0.4863768115942029,0.0007099970268936889,0.3333333333333333,0.0,0.1621256038647343,0.00023666567563123417,0.3333333333333333,0.0,0.21814862359149906,0.00021428522449107762,0.3183077524139086,0.0007771383803140906,d1783e54918a4501a4ba4bec3f8108cd,2548
