name,feature_kind,class_weight,mask_ratings,cv_accuracy_mean,cv_accuracy_std,cv_balanced_accuracy_mean,cv_balanced_accuracy_std,cv_macro_precision_mean,cv_macro_precision_std,cv_macro_recall_mean,cv_macro_recall_std,cv_macro_f1_mean,cv_macro_f1_std,cv_weighted_f1_mean,cv_weighted_f1_std,mlflow_run_id,artifact_size_bytes
combined_balanced_ratings,combined,balanced,False,0.6698809620817036,0.010441222922883816,0.6220104714742598,0.029208190382907572,0.6894551114943129,0.020029496626378332,0.6220104714742598,0.029208190382907572,0.6472435121804612,0.026896847313233052,0.6688502846686065,0.01109265064756567,f1a9b3c8edfd44a6984296ac89e7dfff,2935533
combined_balanced_masked_ratings,combined,balanced,True,0.6680556687309864,0.010984941584351385,0.6207115959971113,0.029361398135605465,0.6888381135262861,0.017122596959064477,0.6207115959971113,0.029361398135605465,0.6458688525664856,0.025714887341923325,0.6670372786996357,0.011591250991076565,b763c3809438467880f75a100b2bbf89,2935751
combined_logreg,combined,none,False,0.6479954367666233,0.008854995080920663,0.48368126483028995,0.00882917556967037,0.7645853082141694,0.005571964107200838,0.48368126483028995,0.00882917556967037,0.49218792267055084,0.013965147142570338,0.6329052586335686,0.008658519587026561,94d9c63472da4133ad1b5df3a51dfa77,2935580
char_logreg,char,none,False,0.6456489705562799,0.005806874483719033,0.47238290518931186,0.00496415921536099,0.7633399192749041,0.0035826495440679485,0.47238290518931186,0.00496415921536099,0.47209902213280885,0.006606541348272837,0.6283135060291443,0.005894417808604799,6163b3e0ac644c488b473e39ccee8329,1551708
word_logreg,word,none,False,0.6464268252933507,0.012742011204784486,0.4609019395440009,0.009546266393718798,0.497752421580352,0.13427112280155878,0.4609019395440009,0.009546266393718798,0.4474183588797578,0.010549983544245611,0.6258445559100133,0.012443325256444456,d198412f2ef04d0fa958028a69dda657,1384649
dummy_prior,word,none,False,0.4684729465449804,0.00033931979813652674,0.3333333333333333,0.0,0.1561576488483268,0.00011310659937884225,0.3333333333333333,0.0,0.21268029678898506,0.00010491245134931352,0.2989050027230058,0.0003639022422250993,30653994b91847c2b9445d40ee8aa3b9,2533
