{
  "accuracy": 0.65,
  "balanced_accuracy": 0.6403703703703704,
  "macro_precision": 0.6552031645010933,
  "macro_recall": 0.6403703703703704,
  "macro_f1": 0.6406017382728016,
  "weighted_f1": 0.6460792452935848,
  "per_class": {
    "Positive": {
      "precision": 0.7159763313609467,
      "recall": 0.5377777777777778,
      "f1-score": 0.6142131979695431,
      "support": 450.0
    },
    "Average": {
      "precision": 0.6117021276595744,
      "recall": 0.7666666666666667,
      "f1-score": 0.6804733727810651,
      "support": 450.0
    },
    "Negative": {
      "precision": 0.6379310344827587,
      "recall": 0.6166666666666667,
      "f1-score": 0.6271186440677966,
      "support": 60.0
    }
  },
  "confusion_matrix": [
    [
      242,
      200,
      8
    ],
    [
      92,
      345,
      13
    ],
    [
      4,
      19,
      37
    ]
  ],
  "label_order": [
    "Positive",
    "Average",
    "Negative"
  ],
  "ordinal_mae": 0.3625,
  "quadratic_weighted_kappa": 0.45173176123802505,
  "adjacent_error_rate": 0.3375,
  "severe_error_rate": 0.0125,
  "log_loss": 0.688940260034775,
  "multiclass_brier_score": 0.4413677350126953,
  "expected_calibration_error_10_bin": 0.03421361313519728,
  "mean_prediction_confidence": 0.6735526580360726,
  "by_language": {
    "dutch": {
      "accuracy": 0.6465816917728853,
      "balanced_accuracy": 0.6463377618550032,
      "macro_precision": 0.6504517213102089,
      "macro_recall": 0.6463377618550032,
      "macro_f1": 0.6437204641618911,
      "weighted_f1": 0.6456303878182301,
      "per_class": {
        "Positive": {
          "precision": 0.7151335311572701,
          "recall": 0.5738095238095238,
          "f1-score": 0.6367239101717305,
          "support": 420.0
        },
        "Average": {
          "precision": 0.5982905982905983,
          "recall": 0.7272727272727273,
          "f1-score": 0.6565064478311841,
          "support": 385.0
        },
        "Negative": {
          "precision": 0.6379310344827587,
          "recall": 0.6379310344827587,
          "f1-score": 0.6379310344827587,
          "support": 58.0
        }
      },
      "confusion_matrix": [
        [
          241,
          171,
          8
        ],
        [
          92,
          280,
          13
        ],
        [
          4,
          17,
          37
        ]
      ],
      "label_order": [
        "Positive",
        "Average",
        "Negative"
      ],
      "ordinal_mae": 0.36732329084588644,
      "quadratic_weighted_kappa": 0.4663014165682814,
      "adjacent_error_rate": 0.33951332560834296,
      "severe_error_rate": 0.013904982618771726,
      "log_loss": 0.691876021007426,
      "multiclass_brier_score": 0.44274901513064235,
      "expected_calibration_error_10_bin": 0.04525128363457264,
      "mean_prediction_confidence": 0.6620236599879167
    },
    "english": {
      "accuracy": 0.6804123711340206,
      "balanced_accuracy": 0.3444444444444445,
      "macro_precision": 0.5590277777777778,
      "macro_recall": 0.3444444444444445,
      "macro_f1": 0.2906565150604421,
      "weighted_f1": 0.5610304734088369,
      "per_class": {
        "Positive": {
          "precision": 1.0,
          "recall": 0.03333333333333333,
          "f1-score": 0.06451612903225806,
          "support": 30.0
        },
        "Average": {
          "precision": 0.6770833333333334,
          "recall": 1.0,
          "f1-score": 0.8074534161490683,
          "support": 65.0
        },
        "Negative": {
          "precision": 0.0,
          "recall": 0.0,
          "f1-score": 0.0,
          "support": 2.0
        }
      },
      "confusion_matrix": [
        [
          1,
          29,
          0
        ],
        [
          0,
          65,
          0
        ],
        [
          0,
          2,
          0
        ]
      ],
      "label_order": [
        "Positive",
        "Average",
        "Negative"
      ],
      "ordinal_mae": 0.31958762886597936,
      "quadratic_weighted_kappa": 0.043879173290938045,
      "adjacent_error_rate": 0.31958762886597936,
      "severe_error_rate": 0.0,
      "log_loss": 0.662821067051294,
      "multiclass_brier_score": 0.42907861396333147,
      "expected_calibration_error_10_bin": 0.10287787496476514,
      "mean_prediction_confidence": 0.7761250839696655
    }
  }
}