{
  "accuracy": 0.6477404403244496,
  "balanced_accuracy": 0.6054834054834055,
  "macro_precision": 0.6709192110080907,
  "macro_recall": 0.6054834054834055,
  "macro_f1": 0.6310886618798462,
  "weighted_f1": 0.6474370066791885,
  "per_class": {
    "Positive": {
      "precision": 0.6731234866828087,
      "recall": 0.6619047619047619,
      "f1-score": 0.6674669867947179,
      "support": 420.0
    },
    "Average": {
      "precision": 0.6146341463414634,
      "recall": 0.6545454545454545,
      "f1-score": 0.6339622641509434,
      "support": 385.0
    },
    "Negative": {
      "precision": 0.725,
      "recall": 0.5,
      "f1-score": 0.5918367346938775,
      "support": 58.0
    }
  },
  "confusion_matrix": [
    [
      278,
      138,
      4
    ],
    [
      126,
      252,
      7
    ],
    [
      9,
      20,
      29
    ]
  ],
  "label_order": [
    "Positive",
    "Average",
    "Negative"
  ],
  "log_loss": 0.7317970795880541,
  "multiclass_brier_score": 0.4531728539276883,
  "expected_calibration_error_10_bin": 0.04914807647740436,
  "mean_prediction_confidence": 0.6015891587485515
}